CREATE TABLE "user_roles"
(
    "id"   integer primary key,
    "name" varchar UNIQUE NOT NULL
);



CREATE TABLE "fsc_type"
(
    "id"   int PRIMARY KEY,
    "name" varchar UNIQUE NOT NULL
);

CREATE TABLE "services"
(
    "id"   serial PRIMARY KEY,
    "name" varchar,
    "host" varchar
);

CREATE TABLE "accounts"
(
    "id"             serial PRIMARY KEY,
    "balance"        int                NOT NULL,
    "account_number" varchar(12) unique NOT NULL,
    "disabled"       boolean
);

CREATE TABLE "users"
(
    "id"         serial PRIMARY KEY,
    "username"   varchar UNIQUE,
    "name"       varchar        NOT NULL,
    "surname"    varchar        NOT NULL,
    "lastname"   varchar,
    "password"   varchar        NOT NULL,
    "email"      varchar UNIQUE NOT NULL,
    "role_id"    integer,
    "account_id" integer,
    "created_at" timestamp      NOT NULL,
    "disabled"   boolean        NOT NULL
);

CREATE TABLE "fsc"
(
    "id"          serial PRIMARY KEY,
    "name"        varchar UNIQUE NOT NULL,
    "account_id"  integer,
    "created_at"  timestamp      NOT NULL,
    "fsc_type_id" integer,
    "owner_id"    integer,
    "disabled"    boolean        NOT NULL,
    "service_id"  integer
);

CREATE TABLE "transactions"
(
    "id"              bigserial PRIMARY KEY,
    "from_number"     varchar(12) NOT NULL,
    "to_number"       varchar(12) NOT NULL,
    "time"            timestamp   NOT NULL,
    "payment_purpose" bigint,
    "payment_comment" varchar,
    "amount"          bigint
);

CREATE TABLE "fsc_teams"
(
    "id"      bigserial PRIMARY KEY,
    "user_id" bigint,
    "fsc_id"  bigint,
    UNIQUE ("user_id", "fsc_id")
);

CREATE TABLE "payment_purposes"
(
    "id"                   bigserial PRIMARY KEY,
    "name"                 varchar NOT NULL,
    "payment_purpose_type" bigint
);

CREATE TABLE "payments_purposes_types"
(
    "id"   bigint PRIMARY KEY,
    "name" varchar UNIQUE
);

CREATE TABLE "bills"
(
    "id"             serial PRIMARY KEY,
    "fsc_id"         bigint,
    "user_id"        bigint,
    "amount"         bigint,
    "status_id"      integer,
    "created_at"     timestamp NOT NULL,
    "transaction_id" bigint UNIQUE
);

CREATE TABLE "bill_statuses"
(
    "id"   serial PRIMARY KEY,
    "name" varchar NOT NULL
);

ALTER TABLE "users"
    ADD FOREIGN KEY ("role_id") REFERENCES "user_roles" ("id");

ALTER TABLE "users"
    ADD FOREIGN KEY ("account_id") REFERENCES "accounts" ("id");

ALTER TABLE "fsc"
    ADD FOREIGN KEY ("owner_id") REFERENCES "users" ("id");

ALTER TABLE "fsc"
    ADD FOREIGN KEY ("fsc_type_id") REFERENCES "fsc_type" ("id");

ALTER TABLE "fsc"
    ADD FOREIGN KEY ("account_id") REFERENCES "accounts" ("id");

ALTER TABLE "fsc"
    ADD FOREIGN KEY ("service_id") REFERENCES "services" ("id");

ALTER TABLE "transactions"
    ADD FOREIGN KEY ("from_number") REFERENCES "accounts" ("account_number");

ALTER TABLE "transactions"
    ADD FOREIGN KEY ("to_number") REFERENCES "accounts" ("account_number");

ALTER TABLE "transactions"
    ADD FOREIGN KEY ("payment_purpose") REFERENCES "payment_purposes" ("id");

ALTER TABLE "payment_purposes"
    ADD FOREIGN KEY ("payment_purpose_type") REFERENCES "payments_purposes_types" ("id");

ALTER TABLE "fsc_teams"
    ADD FOREIGN KEY ("user_id") REFERENCES "users" ("id");

ALTER TABLE "fsc_teams"
    ADD FOREIGN KEY ("fsc_id") REFERENCES "fsc" ("id");

ALTER TABLE "bills"
    ADD FOREIGN KEY ("fsc_id") REFERENCES "fsc" ("id");

ALTER TABLE "bills"
    ADD FOREIGN KEY ("user_id") REFERENCES "users" ("id");

ALTER TABLE "bills"
    ADD FOREIGN KEY ("status_id") REFERENCES "bill_statuses" ("id");

ALTER TABLE "bills"
    ADD FOREIGN KEY ("transaction_id") REFERENCES "transactions" ("id");



INSERT INTO user_roles (id, name)
VALUES (0, 'ROLE_ADMIN');
INSERT INTO user_roles (id, name)
VALUES (1, 'ROLE_FSC_OWNER');
INSERT INTO user_roles (id, name)
VALUES (2, 'ROLE_USER');

INSERT INTO fsc_type (id, name)
VALUES (0, 'MASTER');
INSERT INTO fsc_type (id, name)
VALUES (1, 'TEAM');
INSERT INTO fsc_type (id, name)
VALUES (2, 'STORE');


INSERT INTO "payments_purposes_types"(id, name)
VALUES (0, 'SYSTEM'),
       (1, 'USER_TO_USER'),
       (2, 'FSC_TO_USER'),
       (3, 'FSC_TO_FSC'),
       (4, 'GENERAL');
-- Перевод с мастер счета в категории системных

----- системные переводы
INSERT INTO payment_purposes("payment_purpose_type", name)
VALUES (0, 'Установка начального баланса при создании'),
       (0, 'Пополнение ЦФО с мастер-счета'),
       (0, 'Покупка во внутреннем магазине');


-- пользовательские перевод
INSERT INTO payment_purposes("payment_purpose_type", name)
VALUES (1, '☕️ На кофе'),
       (1, '🎁С днем рождения'),
       (1, '💻С новым годом');

-- Переводы цфо пользователям
INSERT INTO payment_purposes("payment_purpose_type", name)
VALUES (2, 'Помощь коллегам'),
       (2, 'Закрытие спринта'),
       (2, 'Выпуск в прод');
--
INSERT INTO payment_purposes("payment_purpose_type", name)
VALUES (3, 'Мотивацию команде'),
       (3, 'Пополнение баланса'),
       (3, 'Возврат ошибочного перевода');

INSERT INTO payment_purposes("payment_purpose_type", name)
VALUES (4, 'Другое');


----------------------------------------------------
-- Создание мастер счета
----------------------------------------------------
INSERT INTO accounts(balance, account_number, disabled)
VALUES (100000, '002000000001', false);
-----------------------------------------------------
-- Регистрация администратора
-----------------------------------------------------
INSERT INTO accounts(balance, account_number, disabled)
VALUES (0, '001000000002', false);

--Пароль админа(без пробелов): admin_rulit_vsegda))
INSERT INTO users(username, name, lastname, surname, email, role_id, account_id, created_at, disabled, password)
values ('admin', 'Главный', 'администратор', 'службы платежей', 'admin.currency.service@t1.ru', 0, 2, now(), false,
        '$2a$10$zBwVlYFdYJAp4XCumig3.emTHtUli6vJFVtZh8ocEL2fxmKOOBn/K');


-----------------------------------------------------------------
-- Bellow placed test data, remove it before release

-- Пароль всех (кроме админа): password
----------------------------------------------------------------

----------Пользователи----------------------------------------------------------------

INSERT INTO accounts(balance, account_number, disabled)
VALUES (0, '001000000003', false);
INSERT INTO users(username, name, lastname, surname, email, role_id, account_id, created_at, disabled, password)
values ('asya', 'Ася', 'Дмитриева', 'Евгеньевна', 'asya.analytic@t1.ru', 2, 3, now(), false,
        '$2a$10$.JKOJC0bwsvS6DUqrow0Yu0.098kkaNuAX4pnYnHNIHsiuwhKWRhK');

INSERT INTO accounts(balance, account_number, disabled)
VALUES (1000, '001000000004', false);
INSERT INTO users(username, name, lastname, surname, email, role_id, account_id, created_at, disabled, password)
values ('polina', 'Полина', 'Иванова', 'Ивановна', 'polinaa.hr@t1.ru', 2, 4, now(), false,
        '$2a$10$.JKOJC0bwsvS6DUqrow0Yu0.098kkaNuAX4pnYnHNIHsiuwhKWRhK');

INSERT INTO accounts(balance, account_number, disabled)
VALUES (1000, '001000000005', false);
INSERT INTO users(username, name, lastname, surname, email, role_id, account_id, created_at, disabled, password)
values ('vlad', 'Владислав', 'Петрович', 'Тихонов', 'vlad.hr@t1.ru', 2, 5, now(), false,
        '$2a$10$.JKOJC0bwsvS6DUqrow0Yu0.098kkaNuAX4pnYnHNIHsiuwhKWRhK');



INSERT INTO accounts(balance, account_number, disabled)
VALUES (321, '001000000006', false);
INSERT INTO users(username, name, lastname, surname, email, role_id, account_id, created_at, disabled, password)
values ('anton_glebov', 'Антон', 'Баринов', 'Петрович', 'barinov.anton@t1.ru', 2, 6, now(), false,
        '$2a$10$.JKOJC0bwsvS6DUqrow0Yu0.098kkaNuAX4pnYnHNIHsiuwhKWRhK');

----------Владельцы ЦФО----------------------------------------------------------------
INSERT INTO accounts(balance, account_number, disabled)
VALUES (1000, '001000000007', false);
INSERT INTO users(username, name, lastname, surname, email, role_id, account_id, created_at, disabled, password)
values ('miha_kotlin_lead', 'Михаил', 'Котлин', 'Иванович', 'mihail.kotlin@t1.ru', 1, 7, now(), false,
        '$2a$10$.JKOJC0bwsvS6DUqrow0Yu0.098kkaNuAX4pnYnHNIHsiuwhKWRhK');


INSERT INTO accounts(balance, account_number, disabled)
VALUES (1000, '001000000008', false);
INSERT INTO users(username, name, lastname, surname, email, role_id, account_id, created_at, disabled, password)
values ('anna_ui_lead', 'Анна', 'Некрасова', 'Генадиевна', 'anna.ui.lead@t1.ru', 1, 8, now(), false,
        '$2a$10$.JKOJC0bwsvS6DUqrow0Yu0.098kkaNuAX4pnYnHNIHsiuwhKWRhK');

SELECT u.username       AS "Логин",
       u.name           AS "Имя",
       u.lastname       AS "Фамилия",
       u.surname        AS "Отчество",
       u.email          AS "Email",
       CASE u.role_id
           WHEN 0 THEN 'Администратор'
           WHEN 1 THEN 'Владелец ЦФО'
           WHEN 2 THEN 'Пользователь'
           ELSE 'Неизвестная роль'
           END          AS "Роль",
       a.account_number AS "Номер счета",
       a.balance        AS "Баланс",
       u.disabled       AS "Отключен",
       u.created_at     AS "Дата создания"
FROM users u
         JOIN
     accounts a ON u.account_id = a.id
ORDER BY u.username;







